,movie,year,imdb,metascore,votes,us_grossMillions,timeMin
0,Zack Snyder's Justice League,2021,8.2,54.0,241653,,242
1,Avengers: Endgame,2019,8.4,78.0,848979,858.37,181
2,Sound of Metal,2019,7.8,82.0,53415,,120
3,The Trial of the Chicago 7,2020,7.8,76.0,122923,,129
4,Minari,2020,7.6,89.0,25178,,115
5,Soul,2020,8.1,83.0,214929,,100
6,Sleepers,1996,7.6,49.0,190207,49.1,147
7,Another Round,2020,7.8,80.0,54995,,117
8,Knives Out,2019,7.9,82.0,476480,165.36,130
9,The Shawshank Redemption,1994,9.3,80.0,2371454,28.34,142
10,The Dark Knight,2008,9.0,84.0,2335028,534.86,152
11,Avengers: Infinity War,2018,8.4,68.0,860196,678.82,149
12,The Godfather,1972,9.2,100.0,1642220,134.97,175
13,Once Upon a Time... In Hollywood,2019,7.6,83.0,569295,142.5,161
14,The Gentlemen,2019,7.8,51.0,254349,,113
15,Parasite,2019,8.6,96.0,585004,53.37,132
16,Harry Potter and the Sorcerer's Stone,2001,7.6,64.0,667797,317.58,152
17,Joker,2019,8.4,59.0,974401,335.45,122
18,The Sound of Music,1965,8.0,63.0,209123,163.21,172
19,Guardians of the Galaxy,2014,8.0,76.0,1055421,333.18,121
20,Blade Runner 2049,2017,8.0,81.0,471739,92.05,164
21,Watchmen,2009,7.6,56.0,509350,107.51,162
22,Pulp Fiction,1994,8.9,94.0,1847744,107.93,154
23,The Lord of the Rings: The Fellowship of the Ring,2001,8.8,92.0,1680154,315.54,178
24,Captain America: Civil War,2016,7.8,75.0,675945,408.08,147
25,The Wolf of Wall Street,2013,8.2,75.0,1209434,116.9,180
26,Thor: Ragnarok,2017,7.9,74.0,602918,315.06,130
27,Deadpool 2,2018,7.7,66.0,489574,324.59,119
28,Interstellar,2014,8.6,74.0,1538835,188.02,169
29,Almost Famous,2000,7.9,90.0,255103,32.53,122
30,Inception,2010,8.8,74.0,2094451,292.58,148
31,The Ten Commandments,1956,7.9,,64605,93.74,220
32,Captain America: The Winter Soldier,2014,7.7,70.0,747088,259.77,136
33,Ben-Hur,1959,8.1,90.0,221535,74.7,212
34,Titanic,1997,7.8,75.0,1057615,659.33,194
35,Inglourious Basterds,2009,8.3,69.0,1285313,120.54,153
36,Gone Girl,2014,8.1,79.0,873588,167.77,149
37,Jojo Rabbit,2019,7.9,58.0,310831,0.35,108
38,Back to the Future,1985,8.5,87.0,1071753,210.61,116
39,The Silence of the Lambs,1991,8.6,85.0,1287360,130.74,118
40,Captain Fantastic,2016,7.9,72.0,194470,5.88,118
41,Jurassic Park,1993,8.1,68.0,877351,402.45,127
42,The Avengers,2012,8.0,69.0,1273242,623.28,143
43,Mad Max: Fury Road,2015,8.1,90.0,893433,154.06,120
44,The Matrix,1999,8.7,73.0,1696412,171.48,136
45,1917,2019,8.3,78.0,447845,159.23,119
46,Heat,1995,8.2,76.0,584822,67.44,170
47,The Departed,2006,8.5,85.0,1203678,132.38,151
48,The Dark Knight Rises,2012,8.4,78.0,1533017,448.14,164
49,Schindler's List,1993,8.9,94.0,1226345,96.9,195
50,Gladiator,2000,8.5,67.0,1355862,187.71,155
51,The Prestige,2006,8.5,66.0,1205093,53.09,130
52,Forrest Gump,1994,8.8,82.0,1833709,330.25,142
53,Guardians of the Galaxy Vol. 2,2017,7.6,67.0,580099,389.81,136
54,Iron Man,2008,7.9,79.0,951060,318.41,126
55,Green Book,2018,8.2,69.0,393777,85.08,130
56,The Hobbit: An Unexpected Journey,2012,7.8,58.0,763238,303.0,169
57,No Country for Old Men,2007,8.1,91.0,868452,74.28,122
58,Dazed and Confused,1993,7.6,78.0,167942,7.99,102
59,Fight Club,1999,8.8,66.0,1876808,37.03,139
60,Alien,1979,8.4,89.0,796594,78.9,117
61,Call Me by Your Name,2017,7.9,93.0,219089,18.1,132
62,Deadpool,2016,8.0,65.0,913672,363.07,108
63,Ford v Ferrari,2019,8.1,81.0,304448,117.62,152
64,Django Unchained,2012,8.4,81.0,1376074,162.81,165
65,Hamilton,2020,8.5,90.0,61211,,160
66,Little Women,2019,7.8,91.0,150065,108.1,135
67,American Psycho,2000,7.6,64.0,500223,15.07,101
68,Tombstone,1993,7.8,50.0,128696,56.51,130
69,The Goonies,1985,7.8,62.0,246965,61.5,114
70,The Green Mile,1999,8.6,61.0,1163013,136.8,189
71,Goodfellas,1990,8.7,90.0,1033968,46.84,146
72,Bohemian Rhapsody,2018,8.0,49.0,460852,216.43,134
73,Batman Begins,2005,8.2,70.0,1322479,206.85,140
74,Saving Private Ryan,1998,8.6,91.0,1249950,216.54,169
75,Avatar,2009,7.8,83.0,1127636,760.51,162
76,The Lord of the Rings: The Return of the King,2003,8.9,94.0,1660304,377.85,201
77,Get Out,2017,7.7,85.0,501442,176.04,104
78,Apocalypse Now,1979,8.4,94.0,612955,83.47,147
79,Léon: The Professional,1994,8.5,64.0,1047770,19.5,110
80,Prisoners,2013,8.1,70.0,610642,61.0,153
81,The Grand Budapest Hotel,2014,8.1,88.0,719051,59.1,99
82,The Shining,1980,8.4,66.0,909413,44.02,146
83,Harry Potter and the Goblet of Fire,2005,7.7,81.0,555219,290.01,157
84,300,2006,7.6,52.0,738818,210.61,117
85,Se7en,1995,8.6,65.0,1464189,100.13,127
86,Requiem for a Dream,2000,8.3,68.0,774895,3.64,102
87,Shutter Island,2010,8.2,63.0,1147587,128.01,138
88,The Martian,2015,8.0,80.0,769048,228.43,144
89,The Lion King,1994,8.5,88.0,953657,422.78,88
90,Whiplash,2014,8.5,88.0,729765,13.09,106
91,Taxi Driver,1976,8.2,94.0,734664,28.26,114
92,Pride & Prejudice,2005,7.8,82.0,262948,38.41,129
93,The Big Short,2015,7.8,81.0,371604,70.26,130
94,Harry Potter and the Deathly Hallows: Part 2,2011,8.1,85.0,774073,381.01,130
95,Mission: Impossible - Fallout,2018,7.7,86.0,295894,220.16,147
96,Baby Driver,2017,7.6,86.0,447198,107.83,113
97,Moana,2016,7.6,81.0,278315,248.76,107
98,Into the Wild,2007,8.1,73.0,579380,18.35,148
99,Spider-Man: Into the Spider-Verse,2018,8.4,87.0,389638,190.24,117
100,Blade Runner,1982,8.1,84.0,700506,32.87,117
101,Arrival,2016,7.9,81.0,603772,100.55,116
102,Pirates of the Caribbean: The Curse of the Black Pearl,2003,8.0,63.0,1021488,305.41,143
103,The Irishman,2019,7.8,94.0,332991,7.0,209
104,Snatch,2000,8.3,55.0,789233,30.33,102
105,The Princess Bride,1987,8.0,77.0,396689,30.86,98
106,The Godfather: Part II,1974,9.0,90.0,1143780,57.3,202
107,About Time,2013,7.8,55.0,309189,15.32,123
108,American Beauty,1999,8.3,84.0,1078671,130.1,122
109,A Clockwork Orange,1971,8.3,77.0,765025,6.21,136
110,Star Wars: Episode IV - A New Hope,1977,8.6,90.0,1242908,322.74,121
111,Dunkirk,2017,7.8,94.0,565419,188.37,106
112,The Perks of Being a Wallflower,2012,8.0,67.0,467281,17.74,103
113,Donnie Darko,2001,8.0,88.0,745758,1.48,113
114,The Breakfast Club,1985,7.8,66.0,360397,45.88,97
115,Good Will Hunting,1997,8.3,70.0,872109,138.43,126
116,Citizen Kane,1941,8.3,100.0,408669,1.59,119
117,Aliens,1986,8.3,84.0,658566,85.16,137
118,The Hobbit: The Desolation of Smaug,2013,7.8,66.0,606704,258.37,161
119,Dances with Wolves,1990,8.0,72.0,243222,184.21,181
120,12 Angry Men,1957,9.0,96.0,699810,4.36,96
121,The Hateful Eight,2015,7.8,68.0,525354,54.12,168
122,Scarface,1983,8.3,65.0,751016,45.6,170
123,The Big Lebowski,1998,8.1,71.0,739546,17.5,117
124,The Lord of the Rings: The Two Towers,2002,8.7,87.0,1501389,342.55,179
125,Rush,2013,8.1,74.0,437275,26.95,123
126,Harry Potter and the Prisoner of Azkaban,2004,7.9,82.0,559323,249.36,142
127,Spirited Away,2001,8.6,96.0,662755,10.06,125
128,Braveheart,1995,8.3,68.0,967225,75.6,178
129,The Pianist,2002,8.5,85.0,740705,32.57,150
130,There Will Be Blood,2007,8.2,93.0,524606,40.22,158
131,Reservoir Dogs,1992,8.3,79.0,928685,2.83,99
132,"The Good, the Bad and the Ugly",1966,8.8,90.0,695594,6.1,178
133,One Flew Over the Cuckoo's Nest,1975,8.7,83.0,927227,112.0,133
134,"Three Billboards Outside Ebbing, Missouri",2017,8.1,88.0,442641,54.51,115
135,Hacksaw Ridge,2016,8.1,71.0,444095,67.21,139
136,The Social Network,2010,7.7,95.0,632842,96.96,120
137,Training Day,2001,7.7,69.0,396446,76.63,122
138,Stardust,2007,7.6,66.0,256920,38.63,127
139,Room,2015,8.1,86.0,377558,14.68,118
140,The Help,2011,8.0,62.0,432227,169.71,146
141,Argo,2012,7.7,86.0,577919,136.03,120
142,King Kong,1933,7.9,90.0,79939,10.0,100
143,Memento,2000,8.4,80.0,1136876,25.54,113
144,Inside Man,2006,7.6,76.0,344097,88.51,129
145,The Notebook,2004,7.8,53.0,525984,81.0,123
146,The Hunt,2012,8.3,77.0,287656,0.69,115
147,La La Land,2016,8.0,94.0,514127,151.1,128
148,Wonder,2017,8.0,66.0,145286,132.42,113
149,The Usual Suspects,1995,8.5,77.0,1000854,23.34,106
150,Indiana Jones and the Raiders of the Lost Ark,1981,8.4,85.0,891600,248.16,115
151,Terminator 2: Judgment Day,1991,8.5,75.0,1004337,204.84,137
152,Rogue One: A Star Wars Story,2016,7.8,65.0,562753,532.18,133
153,The Invisible Guest,2016,8.1,,148632,,106
154,Mary Poppins,1964,7.8,88.0,159305,102.27,139
155,Saw,2004,7.6,46.0,382014,56.0,103
156,Black Swan,2010,8.0,79.0,705836,106.95,108
157,Kingsman: The Secret Service,2014,7.7,60.0,595786,128.26,129
158,Logan,2017,8.1,77.0,658063,226.28,137
159,Moneyball,2011,7.6,87.0,375056,75.61,133
160,Eternal Sunshine of the Spotless Mind,2004,8.3,89.0,920662,34.4,108
161,Fargo,1996,8.1,85.0,623879,24.61,98
162,Boogie Nights,1997,7.9,85.0,242012,26.4,155
163,Zootopia,2016,8.0,78.0,439718,341.27,108
164,A Star Is Born,2018,7.6,88.0,340711,215.29,136
165,The Girl with the Dragon Tattoo,2011,7.8,71.0,427917,102.52,158
166,Zodiac,2007,7.7,78.0,474335,33.08,157
167,Kill Bill: Vol. 1,2003,8.1,69.0,1011133,70.1,111
168,The Truman Show,1998,8.1,90.0,952860,125.62,103
169,The Revenant,2015,8.0,76.0,715054,183.64,156
170,Trainspotting,1996,8.1,83.0,639814,16.5,93
171,Oldboy,2003,8.4,77.0,522125,0.71,120
172,Drive,2011,7.8,78.0,577573,35.06,100
173,2001: A Space Odyssey,1968,8.3,84.0,610036,56.95,149
174,Predator,1987,7.8,45.0,374734,59.74,107
175,Wind River,2017,7.7,73.0,210972,33.8,107
176,Vertigo,1958,8.3,100.0,368518,3.2,128
177,Dead Poets Society,1989,8.1,79.0,432463,95.86,128
178,The Intouchables,2011,8.5,57.0,771391,13.18,112
179,Stand by Me,1986,8.1,75.0,366885,52.29,89
180,The Hangover,2009,7.7,73.0,722266,277.32,100
181,True Romance,1993,7.9,59.0,208833,12.28,119
182,Sicario,2015,7.6,82.0,376546,46.89,121
183,Willy Wonka & the Chocolate Factory,1971,7.8,67.0,180249,4.0,100
184,Silver Linings Playbook,2012,7.7,81.0,667023,132.09,122
185,Ghostbusters,1984,7.8,71.0,358601,238.63,105
186,Hunt for the Wilderpeople,2016,7.9,81.0,113983,5.2,101
187,A Beautiful Mind,2001,8.2,72.0,858324,170.74,135
188,Catch Me If You Can,2002,8.1,75.0,846652,164.62,141
189,Portrait of a Lady on Fire,2019,8.1,95.0,68099,3.76,122
190,X-Men: Days of Future Past,2014,7.9,75.0,665346,233.92,132
191,Once Upon a Time in America,1984,8.4,,315538,5.32,229
192,Die Hard,1988,8.2,72.0,799734,83.01,132
193,Ex Machina,2014,7.7,78.0,479319,25.44,108
194,"Lock, Stock and Two Smoking Barrels",1998,8.2,66.0,540551,3.9,107
195,Nightcrawler,2014,7.8,76.0,474157,32.38,117
196,The Terminator,1984,8.0,84.0,803972,38.4,107
197,City of God,2002,8.6,79.0,705259,7.56,130
198,The Fifth Element,1997,7.7,52.0,437612,63.54,126
199,Her,2013,8.0,90.0,548138,25.57,126
200,Mulholland Drive,2001,7.9,85.0,325930,7.22,147
201,The Imitation Game,2014,8.0,73.0,693468,91.13,114
202,Kick-Ass,2010,7.6,66.0,528064,48.07,117
203,Coco,2017,8.4,81.0,396913,209.73,105
204,The Handmaiden,2016,8.1,84.0,117669,2.01,145
205,X-Men: First Class,2011,7.7,65.0,650140,146.41,131
206,Spotlight,2015,8.1,93.0,426474,45.06,129
207,A Man for All Seasons,1966,7.7,72.0,31747,28.35,120
208,American History X,1998,8.5,62.0,1043554,6.72,119
209,My Cousin Vinny,1992,7.6,68.0,108695,52.93,120
210,Apocalypto,2006,7.8,68.0,293203,50.87,139
211,Full Metal Jacket,1987,8.3,76.0,681840,46.36,116
212,Cast Away,2000,7.8,73.0,530623,233.63,143
213,Your Name.,2016,8.4,79.0,202871,5.02,106
214,The Incredibles,2004,8.0,90.0,662727,261.44,115
215,Hidden Figures,2016,7.8,74.0,204378,169.61,127
216,Psycho,1960,8.5,97.0,610955,32.0,109
217,Harry Potter and the Deathly Hallows: Part 1,2010,7.7,65.0,485279,295.98,146
218,Casino Royale,2006,8.0,80.0,586174,167.45,144
219,Sin City,2005,8.0,74.0,740732,74.1,124
220,Hot Fuzz,2007,7.8,81.0,467359,23.64,121
221,Tangled,2010,7.7,71.0,409940,200.82,100
222,Life Is Beautiful,1997,8.6,59.0,631475,57.6,116
223,12 Monkeys,1995,8.0,74.0,582883,57.14,129
224,Brokeback Mountain,2005,7.7,87.0,326032,83.04,134
225,Dark Waters,2019,7.6,73.0,65258,,126
226,V for Vendetta,2005,8.2,62.0,1041826,70.51,132
227,Rocky,1976,8.1,70.0,524194,117.24,120
228,The Wizard of Oz,1939,8.0,92.0,372994,2.08,102
229,Harry Potter and the Half-Blood Prince,2009,7.6,78.0,480935,301.96,153
230,Casino,1995,8.2,73.0,472195,42.44,178
231,Ratatouille,2007,8.0,96.0,648857,206.45,111
232,True Grit,2010,7.6,80.0,314969,171.24,110
233,Toy Story,1995,8.3,95.0,897464,191.8,81
234,Atonement,2007,7.8,85.0,254553,50.93,123
235,Sherlock Holmes,2009,7.6,57.0,587066,209.03,128
236,Platoon,1986,8.1,92.0,384748,138.53,120
237,Howl's Moving Castle,2004,8.2,80.0,340454,4.71,119
238,Jaws,1975,8.0,87.0,546823,260.0,124
239,Ferris Bueller's Day Off,1986,7.8,61.0,324008,70.14,103
240,Home Alone,1990,7.6,63.0,493135,285.76,103
241,The Bridge on the River Kwai,1957,8.1,87.0,205391,44.91,161
242,The Third Man,1949,8.1,97.0,160277,0.45,93
243,The Peanut Butter Falcon,2019,7.6,70.0,69279,13.12,97
244,Shrek,2001,7.8,84.0,619003,267.67,90
245,L.A. Confidential,1997,8.2,90.0,536964,64.62,138
246,The Godfather: Part III,1990,7.6,60.0,364324,66.67,162
247,Sense and Sensibility,1995,7.6,84.0,103876,43.18,136
248,The Bourne Identity,2002,7.9,68.0,512472,121.66,119
249,Inside Out,2015,8.1,94.0,626251,356.46,95
250,12 Years a Slave,2013,8.1,96.0,647704,56.67,134
251,Edge of Tomorrow,2014,7.9,71.0,606008,100.21,113
252,Unforgiven,1992,8.2,85.0,379762,101.16,130
253,Casablanca,1942,8.5,100.0,527270,1.02,102
254,The Sixth Sense,1999,8.1,64.0,918609,293.51,107
255,Pan's Labyrinth,2006,8.2,98.0,623936,37.63,118
256,Dallas Buyers Club,2013,8.0,80.0,447229,27.3,117
257,Mulan,1998,7.6,71.0,259851,120.62,88
258,Star Trek,2009,7.9,82.0,579597,257.73,127
259,E.T. the Extra-Terrestrial,1982,7.8,91.0,375803,435.11,115
260,Star Wars: Episode VII - The Force Awakens,2015,7.9,80.0,866974,936.66,138
261,Rain Man,1988,8.0,65.0,477273,178.8,133
262,Serenity,2005,7.8,74.0,284652,25.51,119
263,Bonnie and Clyde,1967,7.8,86.0,103428,,111
264,Office Space,1999,7.7,68.0,244114,10.82,89
265,Marriage Story,2019,7.9,94.0,254154,2.0,137
266,Little Miss Sunshine,2006,7.8,80.0,443552,59.89,101
267,American Gangster,2007,7.8,76.0,396265,130.16,157
268,Warrior,2011,8.2,71.0,439869,13.66,140
269,Shaun of the Dead,2004,7.9,76.0,516215,13.54,99
270,Capernaum,2018,8.4,75.0,66337,1.66,126
271,Toy Story 4,2019,7.8,84.0,208712,434.04,100
272,The Thing,1982,8.1,57.0,375354,13.78,109
273,A Few Good Men,1992,7.7,62.0,237911,141.34,138
274,Lost in Translation,2003,7.7,89.0,419826,44.59,102
275,Big Hero 6,2014,7.8,74.0,415245,222.53,102
276,Ocean's Eleven,2001,7.7,74.0,521571,183.42,116
277,Papillon,1973,8.0,58.0,122612,53.27,151
278,What's Eating Gilbert Grape,1993,7.8,73.0,217391,9.17,118
279,Black Hawk Down,2001,7.7,74.0,366958,108.64,144
280,"Monsters, Inc.",2001,8.1,79.0,824262,289.92,92
281,The Deer Hunter,1978,8.1,86.0,314626,48.98,183
282,The Sandlot,1993,7.8,55.0,79773,32.42,101
283,28 Days Later...,2002,7.6,73.0,379603,45.06,113
284,Once Upon a Time in the West,1968,8.5,80.0,305812,5.32,165
285,The Pursuit of Happyness,2006,8.0,64.0,454431,163.57,117
286,The Exorcist,1973,8.0,81.0,364612,232.91,122
287,The Curious Case of Benjamin Button,2008,7.8,70.0,595418,127.51,166
288,Memories of Murder,2003,8.1,82.0,144053,0.01,132
289,Lion,2016,8.0,69.0,217062,51.74,118
290,Gone with the Wind,1939,8.1,97.0,292733,198.68,238
291,My Fair Lady,1964,7.8,95.0,87429,72.0,170
292,Blazing Saddles,1974,7.7,73.0,127147,119.5,93
293,Blue Is the Warmest Colour,2013,7.7,89.0,140194,2.2,180
294,Star Wars: Episode V - The Empire Strikes Back,1980,8.7,82.0,1170891,290.48,124
295,Charade,1963,7.9,83.0,69831,13.47,113
296,Manchester by the Sea,2016,7.8,96.0,251034,47.7,137
297,Midnight Cowboy,1969,7.8,79.0,102107,44.79,113
298,Road to Perdition,2002,7.7,72.0,249033,104.45,117
299,Apollo 13,1995,7.6,77.0,272334,173.84,140
300,Moonrise Kingdom,2012,7.8,84.0,322257,45.51,94
301,First Blood,1982,7.7,61.0,228917,47.21,93
302,Kill Bill: Vol. 2,2004,8.0,83.0,690411,66.21,137
303,What We Do in the Shadows,2014,7.7,76.0,159845,3.33,86
304,Taken,2008,7.8,51.0,567915,145.0,90
305,Birdman or (The Unexpected Virtue of Ignorance),2014,7.7,87.0,585813,42.34,119
306,Breakfast at Tiffany's,1961,7.6,76.0,168282,,115
307,Back to the Future Part II,1989,7.8,57.0,486447,118.5,108
308,Children of Men,2006,7.9,84.0,468331,35.55,109
309,The Game,1997,7.8,61.0,349097,48.32,129
310,Star Wars: Episode VI - Return of the Jedi,1983,8.3,58.0,959631,309.13,131
311,Come and See,1985,8.3,,61148,,142
312,Crash,2004,7.7,66.0,421659,54.58,112
313,Finding Nemo,2003,8.1,90.0,958316,380.84,100
314,The Lives of Others,2006,8.4,89.0,362760,11.29,137
315,Mystic River,2003,7.9,84.0,422829,90.14,138
316,The Blind Side,2009,7.6,53.0,296401,255.96,129
317,Skyfall,2012,7.8,81.0,634019,304.36,143
318,Up,2009,8.2,88.0,946011,293.0,96
319,Amadeus,1984,8.3,88.0,372464,51.97,160
320,Seven Samurai,1954,8.6,98.0,319146,0.27,207
321,Being There,1979,8.0,83.0,66321,30.18,130
322,Rebel Without a Cause,1955,7.7,89.0,84275,,111
323,Big Fish,2003,8.0,58.0,417985,66.26,125
324,Incendies,2010,8.3,80.0,153207,6.86,131
325,The Machinist,2004,7.7,61.0,361600,1.08,101
326,Airplane!,1980,7.7,78.0,217029,83.4,88
327,Amélie,2001,8.3,69.0,709583,33.23,122
328,Just Mercy,2019,7.6,68.0,49570,,137
329,Scent of a Woman,1992,8.0,59.0,267787,63.9,156
330,The Last of the Mohicans,1992,7.7,76.0,152674,75.51,112
331,Princess Mononoke,1997,8.4,76.0,348785,2.38,134
332,Indiana Jones and the Last Crusade,1989,8.2,65.0,697867,197.17,127
333,WALL·E,2008,8.4,95.0,1011100,223.81,98
334,Downfall,2004,8.2,82.0,334201,5.51,156
335,Gone Baby Gone,2007,7.6,72.0,252829,20.3,114
336,The Count of Monte Cristo,2002,7.8,61.0,129951,54.23,131
337,Incredibles 2,2018,7.6,80.0,254835,608.58,118
338,Monty Python's Life of Brian,1979,8.1,77.0,370750,20.05,94
339,Dr. Strangelove or: How I Learned to Stop Worrying and Love the Bomb,1964,8.4,97.0,454705,0.28,95
340,In the Mood for Love,2000,8.1,85.0,127443,2.73,98
341,Magnolia,1999,8.0,77.0,291792,22.46,188
342,The Boy in the Striped Pajamas,2008,7.8,55.0,192874,9.03,94
343,Straight Outta Compton,2015,7.8,72.0,180971,161.2,147
344,The Thin Red Line,1998,7.6,78.0,174380,36.4,170
345,Chinatown,1974,8.1,92.0,297772,8.49,130
346,Lawrence of Arabia,1962,8.3,100.0,270798,44.82,228
347,Edward Scissorhands,1990,7.9,74.0,450742,56.36,105
348,In the Name of the Father,1993,8.1,84.0,158977,25.01,133
349,Minority Report,2002,7.6,80.0,512178,132.07,145
350,Groundhog Day,1993,8.0,72.0,583777,70.91,101
351,Fantastic Mr. Fox,2009,7.9,83.0,203373,21.0,87
352,Monty Python and the Holy Grail,1975,8.2,91.0,504667,1.23,91
353,"O Brother, Where Art Thou?",2000,7.7,69.0,290353,45.51,107
354,Midnight in Paris,2011,7.7,81.0,391710,56.82,94
355,The Bourne Supremacy,2004,7.7,73.0,437660,176.24,108
356,The Last Picture Show,1971,8.0,93.0,43079,29.13,118
357,Million Dollar Baby,2004,8.1,86.0,641769,100.49,132
358,Wild Tales,2014,8.1,77.0,180020,3.11,122
359,Mr. Nobody,2009,7.8,63.0,218489,0.0,141
360,The Royal Tenenbaums,2001,7.6,76.0,269515,52.36,110
361,The Others,2001,7.6,74.0,340552,96.52,104
362,The Bourne Ultimatum,2007,8.0,85.0,607393,227.47,115
363,Hell or High Water,2016,7.6,88.0,206646,26.86,102
364,Deliverance,1972,7.7,80.0,99497,7.06,109
365,Young Frankenstein,1974,8.0,80.0,144547,86.3,106
366,Grave of the Fireflies,1988,8.5,94.0,239666,,89
367,Bridge of Spies,2015,7.6,81.0,290761,72.31,142
368,The Fugitive,1993,7.8,87.0,269853,183.88,130
369,Remember the Titans,2000,7.8,48.0,199763,115.65,113
370,In Bruges,2008,7.9,67.0,393271,7.76,107
371,Life of Pi,2012,7.9,79.0,585576,124.99,127
372,Boyz n the Hood,1991,7.8,76.0,127635,57.5,112
373,The Graduate,1967,8.0,83.0,255562,104.95,106
374,How to Train Your Dragon,2010,8.1,75.0,673595,217.58,98
375,3 Idiots,2009,8.4,67.0,349331,6.53,170
376,Coraline,2009,7.7,80.0,199807,75.29,100
377,Slumdog Millionaire,2008,8.0,84.0,804117,141.32,120
378,Rosemary's Baby,1968,8.0,96.0,196332,,137
379,Gattaca,1997,7.8,64.0,283070,12.34,106
380,500 Days of Summer,2009,7.7,76.0,475938,32.39,95
381,Aladdin,1992,8.0,86.0,376881,217.35,90
382,Chungking Express,1994,8.1,77.0,65082,0.6,102
383,The Untouchables,1987,7.9,79.0,285079,76.27,119
384,Being John Malkovich,1999,7.7,90.0,315127,22.86,113
385,Before Sunrise,1995,8.1,77.0,276189,5.54,101
386,The King's Speech,2010,8.0,88.0,644586,138.8,118
387,Rear Window,1954,8.4,100.0,448662,36.76,112
388,The Warriors,1979,7.6,65.0,94786,22.49,92
389,Blood Diamond,2006,8.0,64.0,503845,57.37,143
390,The Theory of Everything,2014,7.7,72.0,409315,35.89,123
391,Dangal,2016,8.4,,159964,12.39,161
392,The Last Samurai,2003,7.7,55.0,403233,111.11,154
393,The Florida Project,2017,7.6,92.0,97309,5.9,111
394,God's Own Country,2017,7.7,85.0,25935,0.34,104
395,The Secret in Their Eyes,2009,8.2,80.0,195455,6.39,129
396,For a Few Dollars More,1965,8.2,74.0,235237,15.0,132
397,Blue Velvet,1986,7.7,76.0,183294,8.55,120
398,Creed,2015,7.6,82.0,249996,109.77,133
399,Star Trek Into Darkness,2013,7.7,72.0,465074,228.78,132
400,The Blues Brothers,1980,7.9,60.0,184902,57.23,133
401,Do the Right Thing,1989,8.0,93.0,91257,27.55,120
402,The Little Mermaid,1989,7.6,88.0,240020,111.54,83
403,The Magnificent Seven,1960,7.7,74.0,88382,4.91,128
404,Rushmore,1998,7.7,86.0,171267,17.11,93
405,Gifted,2017,7.6,60.0,101677,24.8,101
406,3:10 to Yuma,2007,7.7,76.0,291477,53.61,122
407,Lethal Weapon,1987,7.6,68.0,238759,65.21,109
408,Cool Hand Luke,1967,8.1,92.0,163641,16.22,127
409,Spartacus,1960,7.9,87.0,125326,30.0,197
410,Falling Down,1993,7.6,56.0,173688,40.9,113
411,Zombieland,2009,7.6,73.0,523653,75.59,88
412,Empire of the Sun,1987,7.7,62.0,116981,22.24,153
413,A Fistful of Dollars,1964,8.0,65.0,200100,14.5,99
414,Y Tu Mamá También,2001,7.6,88.0,116722,13.62,106
415,As Good as It Gets,1997,7.7,67.0,278065,148.48,139
416,Moon,2009,7.9,67.0,337545,5.01,97
417,District 9,2009,7.9,81.0,641731,115.65,112
418,The Treasure of the Sierra Madre,1948,8.2,98.0,115393,5.01,126
419,Who Framed Roger Rabbit,1988,7.7,83.0,183452,156.45,104
420,Despicable Me,2010,7.6,72.0,504648,251.51,95
421,The Boondock Saints,1999,7.8,44.0,228390,0.03,108
422,Goldfinger,1964,7.7,87.0,175566,51.08,110
423,Glory,1989,7.8,78.0,124513,26.83,122
424,Blood Simple,1984,7.6,83.0,88974,2.15,99
425,I Saw the Devil,2010,7.8,67.0,113277,0.13,144
426,Searching,2018,7.6,71.0,143368,26.02,102
427,Fear and Loathing in Las Vegas,1998,7.6,41.0,261606,10.68,118
428,Halloween,1978,7.7,87.0,234979,47.0,91
429,Man on Fire,2004,7.7,47.0,332236,77.91,146
430,"Paris, Texas",1984,8.1,78.0,93519,2.18,145
431,Gravity,2013,7.7,96.0,774661,274.09,91
432,To Kill a Mockingbird,1962,8.2,88.0,295973,,129
433,Donnie Brasco,1997,7.7,76.0,283035,41.91,127
434,Gran Torino,2008,8.1,72.0,726179,148.1,116
435,Misery,1990,7.8,75.0,186880,61.28,107
436,End of Watch,2012,7.6,68.0,229853,41.0,109
437,A Silent Voice: The Movie,2016,8.1,78.0,51603,,130
438,The Fault in Our Stars,2014,7.7,69.0,347271,124.87,126
439,Philomena,2013,7.6,77.0,94857,37.71,98
440,The Fighter,2010,7.8,79.0,343745,93.62,116
441,Captain Phillips,2013,7.8,82.0,425334,107.1,134
442,Raging Bull,1980,8.2,89.0,325133,23.38,129
443,The Great Escape,1963,8.2,86.0,226861,12.1,172
444,It's a Wonderful Life,1946,8.6,89.0,409905,,130
445,Carlito's Way,1993,7.9,65.0,202872,36.95,144
446,Toy Story 3,2010,8.2,92.0,764514,415.0,103
447,Beauty and the Beast,1991,8.0,95.0,419744,218.97,84
448,Isle of Dogs,2018,7.9,82.0,142395,32.02,101
449,This Is Spinal Tap,1984,7.9,92.0,130005,0.19,82
450,Singin' in the Rain,1952,8.3,99.0,221460,8.82,103
451,The Road Warrior,1981,7.6,77.0,167810,12.47,96
452,Boyhood,2014,7.9,100.0,337578,25.38,165
453,Planet of the Apes,1968,8.0,79.0,166237,33.4,112
454,My Neighbor Totoro,1988,8.2,86.0,296593,1.11,86
455,Primal Fear,1996,7.7,47.0,192092,56.12,129
456,Cinema Paradiso,1988,8.5,80.0,234037,11.99,155
457,Stalker,1979,8.2,,118984,0.23,162
458,The Girl with the Dragon Tattoo,2009,7.8,76.0,209933,10.1,152
459,The Butterfly Effect,2004,7.6,30.0,454514,57.94,113
460,Blow,2001,7.6,52.0,242673,52.99,124
461,Wreck-It Ralph,2012,7.7,72.0,383811,189.42,101
462,"Crouching Tiger, Hidden Dragon",2000,7.8,94.0,255037,128.08,120
463,The Lego Movie,2014,7.7,83.0,325942,257.76,100
464,Brazil,1985,7.9,84.0,188863,9.93,132
465,A Bronx Tale,1993,7.8,80.0,129559,17.27,121
466,Eastern Promises,2007,7.6,82.0,229576,17.11,100
467,The Skin I Live In,2011,7.6,70.0,140624,3.19,120
468,7 Kogustaki Mucize,2019,8.2,,36971,,132
469,The Holy Mountain,1973,7.9,76.0,37940,0.06,114
470,Close Encounters of the Third Kind,1977,7.6,90.0,186636,132.09,138
471,Dog Day Afternoon,1975,8.0,86.0,237866,50.0,125
472,The Elephant Man,1980,8.1,78.0,222471,,124
473,Die Hard with a Vengeance,1995,7.6,58.0,366484,100.01,128
474,Match Point,2005,7.6,72.0,207619,23.09,124
475,Some Like It Hot,1959,8.2,98.0,246390,25.0,121
476,Lord of War,2005,7.6,62.0,295957,24.15,122
477,Walk the Line,2005,7.8,72.0,236069,119.52,136
478,North by Northwest,1959,8.3,98.0,302022,13.28,136
479,Dark City,1998,7.6,66.0,189042,14.38,100
480,Butch Cassidy and the Sundance Kid,1969,8.0,66.0,203066,102.31,110
481,Barry Lyndon,1975,8.1,89.0,152020,,185
482,Star Trek II: The Wrath of Khan,1982,7.7,67.0,113562,78.91,113
483,This Is England,2006,7.7,86.0,116255,0.33,101
484,When Harry Met Sally...,1989,7.6,76.0,197849,92.82,95
485,Sunset Blvd.,1950,8.4,,203838,,110
486,The Seventh Seal,1957,8.2,88.0,167454,,96
487,Toy Story 2,1999,7.9,88.0,532287,245.85,92
488,Billy Elliot,2000,7.7,74.0,127700,22.0,110
489,Ordinary People,1980,7.7,86.0,47655,54.8,124
490,The Naked Gun: From the Files of Police Squad!,1988,7.6,76.0,154617,78.76,85
491,The Sting,1973,8.3,83.0,243657,159.6,129
492,Kramer vs. Kramer,1979,7.8,77.0,134867,106.26,105
493,Sling Blade,1996,8.0,84.0,87631,24.48,135
494,Annie Hall,1977,8.0,92.0,253353,39.2,93
495,Ran,1985,8.2,96.0,114188,4.14,162
496,The Illusionist,2006,7.6,68.0,356496,39.87,110
497,Dawn of the Planet of the Apes,2014,7.6,79.0,413985,208.55,130
498,The Conversation,1974,7.8,85.0,100269,4.42,113
499,Enter the Dragon,1973,7.7,83.0,97650,25.0,102
500,Philadelphia,1993,7.7,66.0,226315,77.32,125
501,Doctor Zhivago,1965,8.0,69.0,70602,111.72,197
502,The Jungle Book,1967,7.6,65.0,167883,141.84,78
503,Roma,2018,7.7,96.0,142738,,135
504,Only the Brave,2017,7.6,72.0,59684,18.34,134
505,The Birds,1963,7.7,90.0,173272,11.4,119
506,Das Boot,1981,8.3,86.0,234131,11.49,149
507,Seven Pounds,2008,7.6,36.0,288592,69.95,123
508,Tumbbad,2018,8.3,,29046,,104
509,The Quiet Man,1952,7.7,,35351,10.55,129
510,The Remains of the Day,1993,7.8,86.0,67181,22.95,134
511,Giant,1956,7.6,84.0,34492,,201
512,The Color Purple,1985,7.8,78.0,79214,98.47,154
513,Lost Highway,1997,7.6,52.0,132542,3.8,134
514,Akira,1988,8.0,,167000,0.55,124
515,The Wrestler,2008,7.9,80.0,290982,26.24,109
516,Awakenings,1990,7.8,74.0,127430,52.1,121
517,Perfect Blue,1997,8.0,,59997,0.78,81
518,Anatomy of a Murder,1959,8.0,95.0,60479,11.9,161
519,Enemy at the Gates,2001,7.6,53.0,245593,51.4,131
520,JFK,1991,8.0,72.0,143499,70.41,189
521,Who's Afraid of Virginia Woolf?,1966,8.0,75.0,69555,,131
522,Hotel Rwanda,2004,8.1,79.0,336801,23.53,121
523,Raatchasan,2018,8.5,,26764,,170
524,The Raid: Redemption,2011,7.6,73.0,191848,4.11,101
525,Fried Green Tomatoes,1991,7.7,64.0,67567,82.42,130
526,After Hours,1985,7.7,90.0,60929,10.6,97
527,A Separation,2011,8.3,95.0,223013,7.1,123
528,Serpico,1973,7.7,87.0,111297,29.8,130
529,Hachi: A Dog's Tale,2009,8.1,,256941,,93
530,Mississippi Burning,1988,7.8,65.0,89485,34.6,128
531,Me and Earl and the Dying Girl,2015,7.7,74.0,124441,6.74,105
532,Dogville,2003,8.0,60.0,139105,1.53,178
533,The Last King of Scotland,2006,7.7,74.0,176622,17.61,123
534,The Searchers,1956,7.9,94.0,81157,,119
535,Metropolis,1927,8.3,98.0,161624,1.24,153
536,Ghost in the Shell,1995,8.0,76.0,130863,0.52,83
537,The Man from Earth,2007,7.9,,175549,,87
538,La Haine,1995,8.1,,152974,0.31,98
539,Togo,2019,8.0,69.0,39473,,113
540,Adaptation.,2002,7.7,83.0,180039,22.25,115
541,Battle Royale,2000,7.6,81.0,170222,,114
542,Detachment,2011,7.7,52.0,78052,0.07,98
543,Roman Holiday,1953,8.0,78.0,128433,,118
544,The French Connection,1971,7.7,94.0,111395,15.63,104
545,"Synecdoche, New York",2008,7.6,67.0,84280,3.08,124
546,All About My Mother,1999,7.8,87.0,90034,8.26,101
547,Before Sunset,2004,8.1,90.0,239474,5.82,80
548,Ponyo,2008,7.7,86.0,127470,15.09,101
549,Kelly's Heroes,1970,7.6,50.0,45665,1.38,144
550,Hara-Kiri,1962,8.6,85.0,43779,,133
551,The Last Emperor,1987,7.7,76.0,95519,43.98,163
552,Clerks,1994,7.7,70.0,212418,3.15,92
553,50/50,2011,7.6,72.0,316918,35.01,100
554,Paddington 2,2017,7.8,88.0,62999,40.44,103
555,The Apartment,1960,8.3,94.0,166342,18.6,125
556,Malcolm X,1992,7.7,73.0,87174,48.17,202
557,Manhattan,1979,7.9,83.0,132406,45.7,96
558,Dirty Harry,1971,7.7,90.0,144480,35.9,102
559,Rebecca,1940,8.1,86.0,125337,4.36,130
560,High Noon,1952,7.9,89.0,98050,9.45,85
561,Naked,1993,7.8,84.0,35177,1.77,132
562,Gandhi,1982,8.0,79.0,218955,52.77,191
563,Funny Games,1997,7.6,69.0,66074,,108
564,Kung Fu Hustle,2004,7.7,78.0,128402,17.11,99
565,Dawn of the Dead,1978,7.9,71.0,112220,5.1,127
566,The Insider,1999,7.8,84.0,161147,28.97,157
567,The Best Offer,2013,7.8,49.0,109901,0.09,131
568,A Streetcar Named Desire,1951,8.0,97.0,100010,8.0,122
569,Solaris,1972,8.1,90.0,82168,,167
570,Lucky Number Slevin,2006,7.7,53.0,300710,22.49,110
571,The Fall,2006,7.9,64.0,107815,2.28,117
572,"Blood In, Blood Out",1993,8.0,47.0,29080,4.5,180
573,Rio Bravo,1959,8.0,93.0,56854,12.54,141
574,Castle in the Sky,1986,8.0,78.0,152024,,125
575,21 Grams,2003,7.6,70.0,225914,16.29,124
576,Badlands,1973,7.8,93.0,66911,,94
577,Ed Wood,1994,7.8,70.0,165942,5.89,127
578,Fallen Angels,1995,7.7,71.0,27415,,99
579,Klaus,2019,8.2,65.0,109580,,96
580,The Name of the Rose,1986,7.7,54.0,102866,7.15,130
581,Flipped,2010,7.7,45.0,82190,1.75,90
582,Before Midnight,2013,7.9,94.0,143450,8.11,109
583,Andhadhun,2018,8.3,,74172,1.37,139
584,The Artist,2011,7.9,89.0,232059,44.67,100
585,8½,1963,8.0,91.0,110003,0.05,138
586,All the President's Men,1976,7.9,84.0,104445,70.6,138
587,The King of Comedy,1982,7.8,73.0,91135,2.5,109
588,Dara of Jasenovac,2020,8.3,,34100,,130
589,Let the Right One In,2008,7.9,82.0,206647,2.12,114
590,How to Train Your Dragon 2,2014,7.8,76.0,308361,177.0,102
591,What Ever Happened to Baby Jane?,1962,8.1,75.0,50674,4.05,134
592,The Wild Bunch,1969,7.9,97.0,77990,12.06,135
593,The Celebration,1998,8.0,82.0,79265,1.65,105
594,Fiddler on the Roof,1971,8.0,67.0,39895,80.5,181
595,Miller's Crossing,1990,7.7,66.0,126847,5.08,115
596,Paths of Glory,1957,8.4,90.0,180551,,88
597,The Wind Rises,2013,7.8,83.0,75130,5.21,126
598,Amores Perros,2000,8.1,83.0,225682,5.38,154
599,Neon Genesis Evangelion: The End of Evangelion,1997,8.1,,40516,,87
600,Kiki's Delivery Service,1989,7.8,83.0,126663,,103
601,The Body,2012,7.6,,58784,,112
602,Finding Neverland,2004,7.6,67.0,199672,51.68,106
603,Nausicaä of the Valley of the Wind,1984,8.1,86.0,153315,0.5,117
604,I Am Sam,2001,7.7,28.0,143688,40.31,132
605,Secrets & Lies,1996,8.0,91.0,38194,13.42,136
606,Changeling,2008,7.7,63.0,240917,35.74,141
607,The Iron Giant,1999,8.0,85.0,173741,23.16,86
608,Network,1976,8.1,83.0,146324,,121
609,Harold and Maude,1971,7.9,62.0,71486,,91
610,The Killing Fields,1984,7.8,76.0,52066,34.7,141
611,All About Eve,1950,8.2,98.0,121727,0.01,138
612,On the Waterfront,1954,8.1,91.0,143543,9.6,108
613,The Nightmare Before Christmas,1993,8.0,82.0,302190,75.08,76
614,The Right Stuff,1983,7.8,91.0,56586,21.5,193
615,Short Term 12,2013,8.0,82.0,82670,1.01,96
616,Land of Mine,2015,7.8,75.0,36478,0.44,100
617,La Vie En Rose,2007,7.6,66.0,83289,10.3,140
618,Shoplifters,2018,7.9,93.0,64848,3.31,121
619,Like Stars on Earth,2007,8.4,,171959,1.22,165
620,Evil Dead II,1987,7.8,72.0,149421,5.92,84
621,Sing Street,2016,7.9,79.0,86181,3.24,106
622,M,1931,8.3,,145132,0.03,99
623,The Maltese Falcon,1941,8.0,96.0,149956,2.11,100
624,Drishyam,2015,8.2,,72269,0.74,163
625,The Hustler,1961,8.0,90.0,75542,8.28,134
626,Mother,2009,7.8,79.0,54371,0.55,129
627,Hero,2002,7.9,85.0,174706,53.71,120
628,Persona,1966,8.1,86.0,105161,,83
629,Beasts of No Nation,2015,7.7,79.0,74901,0.08,137
630,Happiness,1998,7.7,81.0,66829,2.81,134
631,Witness for the Prosecution,1957,8.4,,110602,8.18,116
632,Baahubali: The Beginning,2015,8.0,,104015,6.74,159
633,Nebraska,2013,7.7,87.0,113030,17.65,115
634,The Great Beauty,2013,7.8,86.0,82019,2.85,141
635,Days of Heaven,1978,7.8,93.0,53515,,94
636,Night of the Living Dead,1968,7.9,89.0,117552,0.09,96
637,Dancer in the Dark,2000,8.0,61.0,103210,4.18,140
638,Cinderella Man,2005,8.0,69.0,177417,61.65,144
639,La Dolce Vita,1960,8.0,95.0,67378,19.52,174
640,The Dirty Dozen,1967,7.7,73.0,67671,45.3,150
641,Sabrina,1954,7.7,72.0,60016,,113
642,Nosferatu,1922,7.9,,89568,,94
643,Mommy,2014,8.1,74.0,51587,3.49,139
644,Time of the Gypsies,1988,8.2,,27493,0.28,142
645,My Left Foot,1989,7.9,97.0,68947,14.74,103
646,The Man from Nowhere,2010,7.8,,63711,0.01,119
647,A Prophet,2009,7.9,90.0,94234,2.08,155
648,The Longest Day,1962,7.8,75.0,52445,39.1,178
649,October Sky,1999,7.8,71.0,83578,32.48,108
650,Yip Man,2008,8.0,59.0,212662,,106
651,The Adventures of Robin Hood,1938,7.9,97.0,47489,3.98,102
652,The Raid 2,2014,8.0,71.0,115120,2.63,150
653,Glengarry Glen Ross,1992,7.7,82.0,96707,10.73,100
654,Dial M for Murder,1954,8.2,75.0,160271,0.01,105
655,The Man Who Shot Liberty Valance,1962,8.1,94.0,69553,,123
656,Fantastic Planet,1973,7.8,73.0,26067,0.19,72
657,PK,2014,8.1,,164980,10.62,153
658,Cabaret,1972,7.8,80.0,48774,42.77,124
659,Good Bye Lenin!,2003,7.7,68.0,138903,4.06,121
660,Where Eagles Dare,1968,7.7,63.0,52360,,158
661,"Planes, Trains & Automobiles",1987,7.6,72.0,125889,49.53,93
662,East of Eden,1955,7.9,72.0,40846,,118
663,The Outlaw Josey Wales,1976,7.8,69.0,66238,31.8,135
664,In the Heat of the Night,1967,7.9,75.0,68556,24.38,110
665,Escape from Alcatraz,1979,7.6,76.0,123192,43.0,112
666,Au Revoir les Enfants,1987,8.0,88.0,31517,4.54,104
667,Barton Fink,1991,7.7,69.0,114135,6.15,116
668,Hannah and Her Sisters,1986,7.9,90.0,67784,40.08,107
669,Gangs of Wasseypur,2012,8.2,89.0,83553,,321
670,From Here to Eternity,1953,7.6,85.0,43774,30.5,118
671,The Day of the Jackal,1973,7.8,80.0,37851,16.06,143
672,Whisper of the Heart,1995,7.9,75.0,53321,,111
673,Rashomon,1950,8.2,98.0,154481,0.1,88
674,Double Indemnity,1944,8.3,95.0,145109,5.72,107
675,A Little Princess,1995,7.7,83.0,32469,10.02,97
676,The Bridges of Madison County,1995,7.6,69.0,74046,71.52,135
677,Loving Vincent,2017,7.8,62.0,51672,6.74,94
678,Ray,2004,7.7,73.0,139510,75.33,152
679,Paprika,2006,7.7,81.0,72590,0.88,90
680,Yojimbo,1961,8.2,,112733,,110
681,The Verdict,1982,7.7,77.0,36535,54.0,129
682,The Secret World of Arrietty,2010,7.6,80.0,82389,19.2,94
683,The Great Dictator,1940,8.4,,205342,0.29,125
684,Breaking the Waves,1996,7.8,76.0,62952,4.04,159
685,Cat on a Hot Tin Roof,1958,8.0,84.0,45656,17.57,108
686,The Straight Story,1999,8.0,86.0,82900,6.2,112
687,Modern Times,1936,8.5,96.0,220767,0.16,87
688,Three Colors: Blue,1993,7.9,85.0,91427,1.32,94
689,Mary and Max,2009,8.1,,165967,,92
690,All That Jazz,1979,7.9,72.0,28545,37.82,123
691,Victoria,2015,7.6,77.0,53746,,138
692,25th Hour,2002,7.6,68.0,170614,13.06,135
693,Rope,1948,8.0,73.0,131219,,80
694,Breathless,1960,7.8,,74148,0.34,90
695,Guess Who's Coming to Dinner,1967,7.8,63.0,40251,56.7,108
696,Fitzcarraldo,1982,8.1,,32004,,158
697,Wings of Desire,1987,8.0,79.0,65604,3.33,128
698,Vampire Hunter D: Bloodlust,2000,7.7,62.0,29521,0.15,103
699,Pink Floyd: The Wall,1982,8.1,47.0,76624,22.24,95
700,Amour,2012,7.9,94.0,93987,6.74,127
701,On Golden Pond,1981,7.6,68.0,27949,119.29,109
702,Black Book,2006,7.7,71.0,73059,4.4,145
703,Three Colors: Red,1994,8.1,100.0,92228,4.04,99
704,The Wave,2008,7.6,,103693,,107
705,Pride,2014,7.8,79.0,52492,,119
706,The World's Fastest Indian,2005,7.8,68.0,52288,5.13,127
707,The Lion in Winter,1968,7.9,,29254,22.28,134
708,"Spring, Summer, Fall, Winter... and Spring",2003,8.0,85.0,78125,2.38,103
709,The Chaser,2008,7.8,64.0,59372,,125
710,Open Your Eyes,1997,7.7,,64529,0.37,119
711,Dead Man,1995,7.6,62.0,91189,1.04,121
712,Watership Down,1978,7.6,64.0,33972,,91
713,Letters from Iwo Jima,2006,7.9,89.0,154827,13.76,141
714,Run Lola Run,1998,7.6,77.0,189328,7.27,80
715,Ikiru,1952,8.3,,69694,0.06,143
716,Fanny and Alexander,1982,8.1,100.0,58200,4.97,188
717,Song of the Sea,2014,8.1,85.0,52750,0.86,93
718,A Man Called Ove,2015,7.7,70.0,48371,3.36,116
719,Strangers on a Train,1951,7.9,88.0,124165,7.63,101
720,Shadow of a Doubt,1943,7.8,94.0,60206,,108
721,Porco Rosso,1992,7.7,83.0,79392,,94
722,Fantasia,1940,7.7,96.0,89405,76.41,125
723,Touch of Evil,1958,8.0,99.0,99007,2.24,95
724,Stagecoach,1939,7.8,93.0,44293,,96
725,The Mirror,1975,8.1,80.0,40813,0.18,107
726,Belle de Jour,1967,7.7,,40788,0.03,100
727,Perfect Strangers,2016,7.8,,58231,,96
728,"South Park: Bigger, Longer & Uncut",1999,7.7,73.0,192996,52.04,81
729,"I, Daniel Blake",2016,7.9,78.0,54723,0.26,100
730,The Day the Earth Stood Still,1951,7.7,,76609,,92
731,Short Cuts,1993,7.7,79.0,42540,6.11,188
732,Bicycle Thieves,1948,8.3,,148565,0.33,89
733,Hamlet,1996,7.7,,36184,4.41,242
734,High and Low,1963,8.4,,35691,,143
735,The Manchurian Candidate,1962,7.9,94.0,71628,,126
736,A Christmas Story,1983,7.9,77.0,133495,20.61,93
737,The Big Sleep,1946,7.9,,79310,6.54,114
738,Judgment at Nuremberg,1961,8.2,60.0,70355,,179
739,Winter Sleep,2014,8.1,88.0,47422,0.17,196
740,The Double Life of Véronique,1991,7.8,86.0,43187,2.0,98
741,Kubo and the Two Strings,2016,7.8,84.0,119214,48.02,101
742,The Night of the Hunter,1955,8.0,99.0,82731,0.65,92
743,The African Queen,1951,7.7,91.0,72091,0.54,105
744,It Happened One Night,1934,8.1,87.0,95103,4.36,105
745,Frankenstein,1931,7.8,91.0,65905,,70
746,Gaslight,1944,7.8,,25048,,114
747,The Man Who Would Be King,1975,7.8,91.0,45462,,129
748,City Lights,1931,8.5,99.0,169779,0.02,87
749,Tangerines,2013,8.2,73.0,41661,0.14,87
750,The Tenant,1976,7.7,71.0,40425,1.92,126
751,The Vanishing,1988,7.7,,34343,,107
752,Lilya 4-Ever,2002,7.8,82.0,43020,0.18,109
753,Sympathy for Mr. Vengeance,2002,7.6,56.0,63432,0.05,129
754,The Legend of 1900,1998,8.1,58.0,59626,0.26,169
755,Infernal Affairs,2002,8.0,75.0,118492,0.17,101
756,Once,2007,7.8,88.0,111329,9.44,86
757,Notorious,1946,7.9,100.0,93002,10.46,102
758,Wolf Children,2012,8.1,71.0,39512,,117
759,Adam's Apples,2005,7.8,51.0,46263,0.0,94
760,The Muppet Movie,1979,7.6,74.0,33163,76.66,95
761,The Odd Couple,1968,7.7,86.0,31963,44.53,105
762,Rififi,1955,8.1,97.0,29831,0.06,118
763,Leviathan,2014,7.6,92.0,49959,1.09,140
764,Mysterious Skin,2004,7.6,73.0,66257,0.7,105
765,Wild Strawberries,1957,8.2,88.0,97860,,91
766,Patton,1970,7.9,91.0,94288,61.7,172
767,The Tale of The Princess Kaguya,2013,8.0,89.0,39777,1.51,137
768,The Philadelphia Story,1940,7.9,96.0,64136,,112
769,Paper Moon,1973,8.1,77.0,42673,30.93,102
770,Zulu,1964,7.7,77.0,36382,,138
771,The 400 Blows,1959,8.1,,106829,,99
772,The Kid,1921,8.3,,115145,5.45,68
773,Pink,2016,8.1,,39752,1.24,136
774,The White Ribbon,2009,7.8,82.0,69275,2.22,144
775,Ninja Scroll,1993,7.9,,34859,,94
776,Dead Man's Shoes,2004,7.6,52.0,50094,0.01,90
777,Drishyam,2013,8.4,,34110,,160
778,The Diving Bell and the Butterfly,2007,8.0,92.0,103792,5.99,112
779,Waking Life,2001,7.8,83.0,61084,2.89,99
780,The Best Years of Our Lives,1946,8.0,93.0,57802,23.65,170
781,Children of Heaven,1997,8.3,77.0,66507,0.93,89
782,The Sacrifice,1986,8.1,,25000,0.3,149
783,Andrei Rublev,1966,8.1,,47886,0.1,205
784,The Long Goodbye,1973,7.6,87.0,26713,0.96,112
785,Withnail & I,1987,7.7,84.0,40782,1.54,107
786,Talk to Her,2002,7.9,86.0,105353,9.28,112
787,Freaks,1932,7.9,80.0,42456,,64
788,Il Postino,1994,7.7,81.0,33984,21.85,108
789,Once Were Warriors,1994,7.9,77.0,31787,2.2,102
790,When Marnie Was There,2014,7.7,72.0,33770,0.77,103
791,The Grapes of Wrath,1940,8.0,96.0,86102,0.06,129
792,3-Iron,2004,8.0,72.0,51243,0.24,88
793,The Hidden Fortress,1958,8.1,,35380,,126
794,"Aguirre, the Wrath of God",1972,7.9,,52934,,95
795,The Killing,1956,8.0,91.0,82526,,84
796,Harvey,1950,7.9,,52789,,104
797,Mr. Smith Goes to Washington,1939,8.1,73.0,107899,9.6,129
798,Kagemusha,1980,8.0,84.0,32558,,162
799,The Secret of Kells,2009,7.6,81.0,32437,0.69,75
800,Batman: Mask of the Phantasm,1993,7.8,,44382,5.62,76
801,A Very Long Engagement,2004,7.6,76.0,71207,6.17,133
802,The Cabinet of Dr. Caligari,1920,8.1,,58075,,67
803,The Red Shoes,1948,8.1,,31405,10.9,135
804,Frost/Nixon,2008,7.7,80.0,103890,18.59,122
805,Duck You Sucker,1971,7.6,77.0,30497,0.7,138
806,Underground,1995,8.1,,55602,0.17,167
807,Peeping Tom,1960,7.7,,31805,0.08,101
808,Amarcord,1973,7.9,,40331,0.29,123
809,Death Note,2006,7.7,,28823,,126
810,Repulsion,1965,7.7,91.0,49376,,105
811,Tokyo Story,1953,8.2,,54227,,136
812,The Motorcycle Diaries,2004,7.8,75.0,97313,16.76,126
813,The Message,1976,8.2,,44278,,177
814,After the Wedding,2006,7.7,78.0,32477,0.41,120
815,Control,2007,7.7,78.0,61981,0.87,122
816,The Bride of Frankenstein,1935,7.8,95.0,43878,4.36,75
817,Evil,2003,7.8,61.0,35877,0.02,113
818,Inherit the Wind,1960,8.1,75.0,27574,,128
819,Invasion of the Body Snatchers,1956,7.7,92.0,45312,,80
820,Three Colors: White,1994,7.6,88.0,65578,1.46,92
821,Wait Until Dark,1967,7.8,81.0,27966,17.55,108
822,Autumn Sonata,1978,8.2,,27993,,99
823,Scarface,1932,7.8,87.0,25594,,93
824,Shine,1996,7.7,87.0,51659,35.81,105
825,Zindagi Na Milegi Dobara,2011,8.2,,68681,3.11,155
826,All Quiet on the Western Front,1930,8.0,91.0,57658,3.27,152
827,Elite Squad,2007,8.0,33.0,98801,0.01,115
828,The Little Prince,2015,7.7,70.0,57362,1.34,108
829,Soorarai Pottru,2020,8.6,,57221,,153
830,The Station Agent,2003,7.6,81.0,67692,5.74,89
831,The Sea Inside,2004,8.0,74.0,78054,2.09,126
832,The Battle of Algiers,1966,8.1,96.0,53877,0.06,121
833,Arsenic and Old Lace,1942,8.0,,65573,,118
834,The Salesman,2016,7.8,85.0,52414,2.4,124
835,The Return,2003,8.0,82.0,42953,0.5,110
836,Cowboy Bebop: The Movie,2001,7.9,61.0,43358,1.0,115
837,Le Samouraï,1967,8.1,,46167,0.04,101
838,The Conformist,1970,8.0,100.0,27569,0.54,113
839,Hedwig and the Angry Inch,2001,7.7,85.0,32147,3.03,95
840,Eyes Without a Face,1960,7.7,90.0,28051,0.05,90
841,The Past,2013,7.8,85.0,45363,1.33,130
842,The Bandit,1996,8.2,,64938,,128
843,Stalag 17,1953,8.0,84.0,51321,,120
844,Kind Hearts and Coronets,1949,8.0,,34803,,106
845,Diabolique,1955,8.0,,61931,,117
846,The 39 Steps,1935,7.6,93.0,52569,,86
847,The Ladykillers,1955,7.7,91.0,26818,,91
848,Gilda,1946,7.7,,28306,,110
849,Rang De Basanti,2006,8.2,,112963,2.2,167
850,The Wages of Fear,1953,8.1,85.0,55320,,131
851,Vikram Vedha,2017,8.4,,29337,,147
852,Throne of Blood,1957,8.1,,47325,,110
853,Night on Earth,1991,7.8,68.0,55988,2.02,129
854,The Broken Circle Breakdown,2012,7.7,70.0,39680,0.18,111
855,To Have and Have Not,1944,7.8,,31381,,100
856,Bajrangi Bhaijaan,2015,8.0,,73074,8.18,163
857,The Thin Man,1934,8.0,86.0,26909,,91
858,The Lady Vanishes,1938,7.8,98.0,48062,,96
859,Loveless,2017,7.6,86.0,30211,0.57,127
860,Laura,1944,8.0,,43125,4.36,88
861,Joint Security Area,2000,7.8,58.0,27025,,110
862,A Hard Day's Night,1964,7.6,96.0,40661,13.78,87
863,Ayla: The Daughter of War,2017,8.4,,34933,,125
864,Swades,2004,8.2,,83623,1.22,189
865,Kal Ho Naa Ho,2003,7.9,54.0,63928,1.79,186
866,Gully Boy,2019,8.0,65.0,32559,5.57,154
867,Farewell My Concubine,1993,8.1,,25431,5.22,171
868,Ace in the Hole,1951,8.1,72.0,32018,3.97,111
869,The Passion of Joan of Arc,1928,8.1,,48586,0.02,114
870,Crimes and Misdemeanors,1989,7.9,77.0,55146,18.25,104
871,Head-On,2004,7.9,78.0,51680,,121
872,The Experiment,2001,7.7,60.0,91212,0.14,120
873,The Chorus,2004,7.9,56.0,57947,3.64,97
874,In a Lonely Place,1950,8.0,,27299,,94
875,Out of the Past,1947,8.0,,33254,,97
876,My Name Is Khan,2010,8.0,50.0,99268,4.02,165
877,Hera Pheri,2000,8.2,,57756,,156
878,Ivan's Childhood,1962,8.1,,32328,,84
879,Cries & Whispers,1972,8.1,,30689,1.74,91
880,Cape Fear,1962,7.7,76.0,26682,,106
881,The Girl Who Leapt Through Time,2006,7.7,,61135,,98
882,His Girl Friday,1940,7.9,,54154,0.3,92
883,The Invisible Man,1933,7.7,87.0,31116,,71
884,Only Yesterday,1991,7.6,90.0,27743,0.45,118
885,Persepolis,2007,8.0,90.0,89356,4.45,96
886,Bringing Up Baby,1938,7.8,91.0,55731,,102
887,Red River,1948,7.8,,28503,,133
888,The Discreet Charm of the Bourgeoisie,1972,7.9,93.0,39297,0.2,102
889,Hard Boiled,1992,7.8,,47059,,128
890,Lifeboat,1944,7.6,78.0,26706,,97
891,Brief Encounter,1945,8.0,92.0,36193,,86
892,Nobody Knows,2004,8.1,88.0,25239,0.68,141
893,To Be or Not to Be,1942,8.2,86.0,30855,,99
894,Darbareye Elly,2009,8.0,87.0,46790,0.11,119
895,"Black Cat, White Cat",1998,8.1,73.0,51269,0.35,127
896,The Innocents,1961,7.8,88.0,27339,2.62,100
897,My Father and My Son,2005,8.3,,80072,,112
898,The Taking of Pelham One Two Three,1974,7.7,68.0,27000,0.85,104
899,Lagaan: Once Upon a Time in India,2001,8.1,84.0,105883,0.07,224
900,La Strada,1954,8.0,,58836,,108
901,The Gold Rush,1925,8.2,,102374,5.45,95
902,Once Upon a Time in Anatolia,2011,7.9,82.0,42735,0.14,157
903,The Lunchbox,2013,7.8,76.0,51126,4.23,104
904,Lupin the 3rd: Castle of Cagliostro,1979,7.7,71.0,27517,,102
905,Mustang,2015,7.6,83.0,36279,0.85,97
906,Key Largo,1948,7.8,,37265,,100
907,In America,2002,7.7,76.0,40564,15.54,105
908,Sweet Smell of Success,1957,8.0,100.0,28588,,96
909,Tokyo Godfathers,2003,7.8,73.0,32244,0.13,92
910,K.G.F: Chapter 1,2018,8.2,,38219,,156
911,Sleuth,1972,8.0,,45044,4.08,138
912,No Man's Land,2001,7.9,84.0,45033,1.06,98
913,Rockstar,2011,7.7,,39903,0.99,159
914,Down by Law,1986,7.8,75.0,48270,1.44,107
915,Departures,2008,8.1,68.0,48995,1.5,130
916,"4 Months, 3 Weeks and 2 Days",2007,7.9,97.0,57079,1.19,113
917,Sunrise,1927,8.1,,47220,0.54,94
918,Vivre Sa Vie,1962,8.0,,28578,,85
919,Fireworks,1997,7.8,,28075,0.23,103
920,Fearless,2006,7.6,70.0,73150,24.63,104
921,Jules and Jim,1962,7.8,97.0,38146,,105
922,Talvar,2015,8.2,,31509,0.34,132
923,Badhaai Ho,2018,8.0,,28463,,124
924,Raise the Red Lantern,1991,8.1,,29948,2.6,125
925,The Purple Rose of Cairo,1985,7.7,75.0,47497,10.63,82
926,Chhichhore,2019,8.2,,34980,0.9,143
927,Interstate 60: Episodes of the Road,2002,7.7,,30232,,116
928,Baahubali 2: The Conclusion,2017,8.2,,76317,20.19,167
929,L'Avventura,1960,7.9,,26938,,144
930,Confessions,2010,7.8,,36066,,106
931,Queen,2013,8.2,,61101,1.43,146
932,Celda 211,2009,7.6,,64322,,113
933,The General,1926,8.1,,82077,1.03,67
934,Love and Death,1975,7.7,89.0,36408,,85
935,Nights of Cabiria,1957,8.1,,43413,0.75,110
936,My Sassy Girl,2001,8.0,,45654,,137
937,The Lost Weekend,1945,7.9,,33884,9.46,101
938,Bhaag Milkha Bhaag,2013,8.2,,61592,1.63,186
939,The Magdalene Sisters,2002,7.7,83.0,26086,4.89,114
940,Uri: The Surgical Strike,2018,8.2,,44115,4.19,138
941,In a Better World,2010,7.6,65.0,38676,1.01,118
942,Battleship Potemkin,1925,8.0,97.0,53655,0.05,66
943,Duck Soup,1933,7.8,93.0,55873,,69
944,Hiroshima Mon Amour,1959,7.9,,28862,0.09,90
945,The Exterminating Angel,1962,8.1,,30079,,95
946,Sanjuro,1962,8.1,,33604,,96
947,Nine Queens,2000,7.9,80.0,50139,1.22,114
948,Miracle on 34th Street,1947,7.9,88.0,41860,2.65,96
949,Dilwale Dulhania Le Jayenge,1995,8.1,,64007,,181
950,The Killer,1989,7.8,82.0,45905,,111
951,The Triplets of Belleville,2003,7.8,91.0,50895,7.0,80
952,Kahaani,2012,8.1,,58225,1.04,122
953,Anand,1971,8.3,,30999,,122
954,La Grande Illusion,1937,8.1,,34123,0.17,113
955,Haider,2014,8.1,,50766,0.9,160
956,M.S. Dhoni: The Untold Story,2016,7.8,,41085,1.78,184
957,The Virgin Spring,1960,8.1,,26995,1.53,89
958,G.O.R.A.,2004,8.0,,57722,,127
959,Dil Chahta Hai,2001,8.1,,67265,0.3,183
960,Munna Bhai M.B.B.S.,2003,8.1,,74575,,156
961,Elite Squad 2: The Enemy Within,2010,8.0,71.0,79684,0.1,115
962,Udaan,2010,8.2,,42599,0.01,134
963,Sholay,1975,8.2,,51673,,162
964,White Heat,1949,8.1,,30087,,114
965,Barfi!,2012,8.1,,76322,2.8,151
966,Joyeux Noel,2005,7.7,70.0,28145,1.05,116
967,Knockin' on Heaven's Door,1997,8.0,,28005,0.0,87
968,Central Station,1998,8.0,80.0,36819,5.6,110
969,Baby,2015,8.0,,53134,,159
970,Special 26,2013,8.0,,51435,1.08,144
971,The Shop Around the Corner,1940,8.1,96.0,28807,0.2,99
972,Zelig,1983,7.7,,40191,11.8,79
973,Sherlock Jr.,1924,8.2,,42944,0.98,45
974,C.R.A.Z.Y.,2005,7.9,81.0,31587,,129
975,The Muppet Christmas Carol,1992,7.7,64.0,50606,27.28,85
976,Jab We Met,2007,7.9,,48128,0.41,138
977,Le Dîner de Cons,1998,7.7,73.0,37738,4.07,80
978,Veer-Zaara,2004,7.8,67.0,49462,2.92,192
979,Tae Guk Gi: The Brotherhood of War,2004,8.1,64.0,38001,1.11,140
980,Andaz Apna Apna,1994,8.2,,49610,,160
981,The Edge of Heaven,2007,7.8,85.0,30974,0.74,122
982,Raazi,2018,7.8,,25749,,138
983,The Rules of the Game,1939,8.0,,26969,,110
984,Udta Punjab,2016,7.8,,27423,,148
985,A Night at the Opera,1935,7.9,,30784,2.54,96
986,A Wednesday,2008,8.1,,74255,,104
987,Chak De! India,2007,8.2,68.0,74716,1.11,153
988,Vicky Donor,2012,7.8,,39970,0.17,126
989,Paan Singh Tomar,2012,8.2,,33492,0.04,135
990,English Vinglish,2012,7.8,,33899,1.67,134
991,Kai Po Che,2013,7.7,40.0,33012,1.12,120
992,The Circus,1928,8.1,90.0,30667,,72
993,Airlift,2016,8.0,,53131,,130
994,Dev.D,2009,8.0,,28931,0.01,144
995,OMG: Oh My God!,2012,8.1,,52228,0.92,125
996,Lage Raho Munna Bhai,2006,8.1,,43444,2.22,144
997,Vizontele,2001,8.0,,33989,,110
998,The Breath,2009,8.0,,32067,,128
999,Black,2005,8.2,,33528,0.73,122
